จังหวัด,เครือข่าย,ระบบบริการ,ขั้นปัจจุบัน,วันที่รับรอง,วันที่หมดอายุ,หมายเหตุ
เชียงราย,เชียงรายประชานุเคราะห์,ระบบรักษาพยาบาลฉุกเฉิน (Emergency Care System),HNC e,2023-06-26,2026-06-25,
ชลบุรี,ชลบุรี,ระบบรักษาพยาบาลฉุกเฉิน (Emergency Care System),HNC e,2023-06-26,2026-06-25,
ระยอง,ระยอง,ระบบรักษาพยาบาลฉุกเฉิน (Emergency Care System),HNC e,2023-06-26,2026-06-25,
หนองบัวลำภู,หนองบัวลำภู,ระบบบริการด้านอนามัยแม่และเด็ก ,HNC e,2023-06-26,2026-06-25,
เชียงราย,เชียงรายประชานุเคราะห์,การดูแลรักษาผู้ติดเชื้อเอชไอวีและโรคติดต่อทางเพศสัมพันธ์ ,HNC,2024-02-16,2027-02-15,
กรุงเทพมหานคร,คณะแพทยศาสตร์วชิรพยาบาล มหาวิทยาลัยนวมินทราธิราช,ระบบการดูแลรักษาผู้ป่วยเบาหวาน,HNC,2024-12-09,2027-12-08,
ขอนแก่น ,ศรีนครินทร์ คณะแพทยศาสตร์ มหาวิทยาลัยขอนแก่น,ระบบการดูแลรักษาผู้ป่วยโรคหลอดเลือดสมอง,HNC,2025-02-10,2028-02-09,
ระยอง,ระยอง,ระบบการดูแลรักษาผู้ป่วยโรคหลอดเลือดสมองตีบ,HNC,2025-02-10,2028-02-09,
เชียงราย,เชียงรายประชานุเคราะห์,ระบบบริการดูแลรักษาผู้ป่วยโรคกล้ามเนื้อหัวใจขาดเลือดเฉียบพลัน,HNC,2025-10-27,2028-10-28,
