จังหวัด,โรงพยาบาล,ชื่อโรคภาษาไทย,ขั้นปัจจุบัน,วันที่รับรอง,วันที่หมดอายุ,หมายเหตุ
เชียงราย,เชียงรายประชานุเคราะห์,การดูแลการผ่าตัดกระดูกข้อสะโพกหักในผู้ป่วยสูงอายุ,PDSC,2024-01-31,2027-01-30,
เชียงใหม่,นครพิงค์,การดูแลการผ่าตัดกระดูกข้อสะโพกหักในผู้ป่วยสูงอายุ,PDSC,2024-02-16,2027-02-15,
แพร่,แพร่,การดูแลการผ่าตัดกระดูกข้อสะโพกหักในผู้ป่วยสูงอายุ,PDSC,2024-02-16,2027-02-15,
น่าน,น่าน,การดูแลการผ่าตัดกระดูกข้อสะโพกหักในผู้ป่วยสูงอายุ,PDSC,2024-04-19,2027-04-18,
เชียงใหม่,มหาราชนครเชียงใหม่,การดูแลการผ่าตัดกระดูกข้อสะโพกหักในผู้ป่วยสูงอายุ,PDSC,2025-11-25,2028-11-24,
เชียงใหม่,ศูนย์ศรีพัฒน์ คณะแพทยศาสตร์ มหาวิทยาลัยเชียงใหม่,การดูแลการผ่าตัดกระดูกข้อสะโพกหักในผู้ป่วยสูงอายุ,PDSC,2026-05-25,2029-05-24,
เชียงใหม่  ,มหาราชนครเชียงใหม่,"การดูแลทารกแรกเกิดน้ำหนักตัวน้อยกว่า 1,500 กรัม ",PDSC e,2023-07-11,2026-07-10,
เชียงใหม่,มหาราชนครเชียงใหม่,การดูแลผู้ป่วยเด็กโรคมะเร็งเม็ดเลือดขาวแบบเฉียบพลันชนิดลิมฟอยด์,PDSC,2026-01-26,2029-01-25,
เชียงใหม่,มหาราชนครเชียงใหม่,การดูแลผู้ป่วยใส่อุปกรณ์อิเล็กทรอนิกส์ไฟฟ้าหัวใจ,PDSC,2025-02-06,2028-02-05,
เชียงราย,เชียงรายประชานุเคราะห์,การดูแลรักษาทารกเกิดก่อนกำหนด,re-PDSC 1,2025-03-04,2028-03-03,
ลำปาง,ลำปาง,การดูแลรักษาทารกเกิดก่อนกำหนด,PDSC,2026-01-26,2029-01-25,
เชียงใหม่,จอมทอง,การดูแลรักษาผู้ติดเชื้อเอชไอวีและโรคติดต่อทางเพศสัมพันธ์,PDSC e,2018-03-05,2021-03-04,
เชียงราย,เชียงแสน,การดูแลรักษาผู้ติดเชื้อเอชไอวีและโรคติดต่อทางเพศสัมพันธ์,PDSC e,2018-03-05,2021-03-04,
เชียงราย,แม่สาย,การดูแลรักษาผู้ติดเชื้อเอชไอวีและโรคติดต่อทางเพศสัมพันธ์,PDSC e,2020-03-02,2023-03-01,
เชียงราย,เชียงรายประชานุเคราะห์,การดูแลรักษาผู้ติดเชื้อเอชไอวีและโรคติดต่อทางเพศสัมพันธ์,PDSC e,2023-02-06,2026-02-05,
เชียงใหม่,มหาราชนครเชียงใหม่,การดูแลรักษาผู้ติดเชื้อเอชไอวีและโรคติดต่อทางเพศสัมพันธ์,PDSC,2024-02-16,2027-02-15,
เชียงใหม่,ศูนย์ศรีพัฒน์ คณะแพทยศาสตร์ มหาวิทยาลัยเชียงใหม่,การดูแลรักษาผู้ป่วย Basic Gastrointestinal Endoscopy,PDSC,2026-07-28,2029-07-27,
เชียงใหม่,มหาราชนครเชียงใหม่,การดูแลรักษาผู้ป่วยเด็กโรคลำไส้กลืนกัน ,PDSC,2024-05-07,2027-05-06,
เชียงใหม่,มหาราชนครเชียงใหม่,การดูแลรักษาผู้ป่วยที่มีความผิดปกติของทารกในครรภ์,PDSC,2026-04-29,2029-04-28,
เชียงใหม่,มหาราชนครเชียงใหม่,การดูแลรักษาผู้ป่วยบาดเจ็บที่ศีรษะ,PDSC,2026-04-29,2029-04-28,
เชียงใหม่,มหาราชนครเชียงใหม่,การดูแลรักษาผู้ป่วยบาดเจ็บในภาวะฉุกเฉิน,re-PDSC 2,2025-10-15,2028-10-14,
เชียงใหม่,มหาราชนครเชียงใหม่,การดูแลรักษาผู้ป่วยปากแหว่ง – เพดานโหว่,re-PDSC 1,2026-06-23,2029-06-22,
เชียงใหม่,นครพิงค์,การดูแลรักษาผู้ป่วยผ่าตัดเปลี่ยนข้อเข่าเทียม,PDSC,2024-02-16,2027-02-15,
เชียงใหม่,มหาราชนครเชียงใหม่,การดูแลรักษาผู้ป่วยผ่าตัดเปลี่ยนข้อเข่าเทียม,PDSC,2025-11-25,2028-11-24,
เชียงใหม่  ,มหาราชนครเชียงใหม่,การดูแลรักษาผู้ป่วยภาวะ Acute Coronary Syndrome ,PDSC e,2023-07-11,2026-07-10,
เชียงใหม่,ศูนย์ความเป็นเลิศทางการแพทย์ คณะแพทยศาสตร์ มหาวิทยาลัยเชียงใหม่ (อาคารเฉลิมพระเกียรติ 7 รอบ พระชนมพรรษา ศูนย์การแพทย์แผนไทยและการแพทย์ผสมผสาน),การดูแลรักษาผู้ป่วยภาวะผิดปกติทางสายตาด้วยวิธีเลสิค,PDSC e,2020-10-05,2023-10-04,
เชียงใหม่,มหาราชนครเชียงใหม่,การดูแลรักษาผู้ป่วยภาวะหัวใจล้มเหลว,PDSC e,2018-03-05,2021-03-04,
เชียงใหม่,มหาราชนครเชียงใหม่,การดูแลรักษาผู้ป่วยภาวะเอ็นไขว้หน้าข้อเข่าบาดเจ็บ ,re-PDSC 1,2024-09-03,2027-09-02,
ลำปาง,มะเร็งลำปาง,การดูแลรักษาผู้ป่วยมะเร็งไทรอยด์หลังผ่าตัด,re-PDSC 1,2025-12-30,2028-12-29,
เชียงราย,เชียงรายประชานุเคราะห์,การดูแลรักษาผู้ป่วยโรคกล้ามเนื้อหัวใจขาดเลือดเฉียบพลัน,PDSC,2025-08-20,2028-08-19,
ลำปาง,ลำปาง,การดูแลรักษาผู้ป่วยโรคกล้ามเนื้อหัวใจตายเฉียบพลัน,PDSC,2025-01-20,2028-01-19,
เชียงใหม่,มหาราชนครเชียงใหม่,การดูแลรักษาผู้ป่วยโรคซึมเศร้าในวัยผู้ใหญ่,PDSC,2025-02-06,2028-02-05,
เชียงใหม่,มหาราชนครเชียงใหม่,การดูแลรักษาผู้ป่วยโรคมะเร็งช่องปาก,PDSC,2025-10-15,2028-10-14,
เชียงใหม่,มหาราชนครเชียงใหม่,การดูแลรักษาผู้ป่วยโรคมะเร็งเต้านม,re-PDSC 1e,2022-02-25,2025-02-24,
เชียงใหม่,นครพิงค์,การดูแลรักษาผู้ป่วยโรคมะเร็งปากมดลูก,PDSC,2026-04-29,2029-04-28,
น่าน,ค่ายสุริยพงษ์,การดูแลรักษาผู้ป่วยโรคลมร้อน,PDSC,2025-01-20,2028-01-19,
ลำปาง,ค่ายสุรศักดิ์มนตรี,การดูแลรักษาผู้ป่วยโรคลมร้อน,PDSC,2025-07-24,2028-07-23,
พะเยา,ค่ายขุนเจืองธรรมิกราช,การดูแลรักษาผู้ป่วยโรคลมร้อน,PDSC,2026-01-26,2029-01-25,
เชียงราย,ค่ายเม็งรายมหาราช,การดูแลรักษาผู้ป่วยโรคลมร้อน,PDSC,2026-01-26,2029-01-25,
เชียงใหม่,ค่ายกาวิละ,การดูแลรักษาผู้ป่วยโรคลมร้อน,re-PDSC 2,2026-06-02,2029-06-01,
เชียงใหม่,ศูนย์ความเป็นเลิศทางการแพทย์ คณะแพทยศาสตร์ มหาวิทยาลัยเชียงใหม่ (อาคารศูนย์เวชศาสตร์ผู้สูงอายุ),การดูแลรักษาผู้ป่วยโรคหยุดหายใจขณะหลับชนิดอุดกั้น,PDSC e,2022-03-04,2025-03-03,
เชียงใหม่  ,ประสาทเชียงใหม่,การดูแลรักษาผู้ป่วยโรคหลอดเลือดสมอง,PDSC e,2023-07-11,2026-07-10,
เชียงราย,เชียงรายประชานุเคราะห์,การดูแลรักษาผู้ป่วยโรคหลอดเลือดสมอง,re-PDSC 1,2023-11-05,2026-11-04,
เชียงใหม่,นครพิงค์,การดูแลรักษาผู้ป่วยโรคหลอดเลือดสมอง,PDSC,2024-07-03,2027-07-02,
เชียงใหม่,มหาราชนครเชียงใหม่,การดูแลรักษาผู้ป่วยโรคหลอดเลือดสมอง,re-PDSC 2,2025-08-25,2028-08-24,
เชียงราย,เชียงรายประชานุเคราะห์,การดูแลรักษาผู้ปวยวัณโรค,PDSC,2025-07-24,2028-07-23,
เชียงใหม่,ศูนย์ความเป็นเลิศทางการแพทย์ คณะแพทยศาสตร์ มหาวิทยาลัยเชียงใหม่ (อาคารศูนย์เวชศาสตร์ผู้สูงอายุ),คลินิคเบาหวานครบวงจรสำหรับผู้สูงอายุ,PDSC,2024-09-25,2027-09-24,
น่าน,สมเด็จพระยุพราชปัว,ระบบการดูแลผู้ป่วยด้วยมิติจิตวิญญาณ,PDSC e,2022-10-21,2025-10-20,
เชียงใหม่,มหาราชนครเชียงใหม่,ระบบการดูแลผู้ป่วยด้วยมิติจิตวิญญาณ,PDSC,2025-08-20,2028-08-19,
เชียงใหม่,มหาราชนครเชียงใหม่,ระบบการดูแลรักษาด้วยการปลูกถ่ายเซลล์ต้นกำเนิดเม็ดเลือด ,re-PDSC 1,2025-03-04,2028-03-03,
เชียงราย,เชียงรายประชานุเคราะห์,ระบบการดูแลรักษาในห้องฉุกเฉินของสถานพยาบาล,re-PDSC 1,2023-09-03,2026-09-02,
เชียงใหม่,มหาราชนครเชียงใหม่,ระบบการดูแลรักษาผู้ป่วยแบบประคับประคอง,re-PDSC 1,2025-10-21,2028-10-20,
ลำปาง,มะเร็งลำปาง,ระบบการดูแลรักษาผู้ป่วยมะเร็งแบบประคับประคอง,PDSC,2025-01-20,2028-01-19,
เชียงราย,เชียงรายประชานุเคราะห์,ระบบการดูแลรักษาผู้ป่วยโรคกล้ามเนื้อหัวใจขาดเลือดเฉียบพลัน,PDSC e,2022-03-04,2025-03-03,
เชียงใหม่,นครพิงค์,ระบบการดูแลรักษาผู้ป่วยโรคกล้ามเนื้อหัวใจขาดเลือดเฉียบพลัน,PDSC,2026-07-28,2029-07-27,
เชียงใหม่,มหาราชนครเชียงใหม่,ระบบการดูแลรักษาผู้ป่วยโรคมะเร็งปอด,PDSC e,2022-10-21,2025-10-20,
เชียงใหม่,มหาราชนครเชียงใหม่,ระบบการฟื้นฟูสมรรถภาพผู้ป่วยบาดเจ็บไขสันหลัง,PDSC,2024-06-07,2027-06-06,
เชียงใหม่,นครพิงค์,ระบบบการดูแลผู้ป่วยบาดเจ็บสมองรุนแรง,PDSC,2024-02-16,2027-02-15,
น่าน,น่าน,ระบบพัฒนาคุณภาพสถานพยาบาลด้วยเทคโนโลยีดิจิทัล,PDSC e,2022-10-21,2025-10-20,
เชียงใหม่,สารภี,ระบบพัฒนาคุณภาพสถานพยาบาลด้วยเทคโนโลยีดิจิทัล,PDSC,2024-11-15,2027-11-14,
ลำปาง,ลำปาง,ศูนย์โรคหลอดเลือดสมองมาตรฐาน,PDSC,2025-06-04,2028-06-03,
พิษณุโลก,มหาวิทยาลัยนเรศวร คณะแพทยศาสตร์,การดูแลรักษาทารกเกิดก่อนกำหนด,PDSC,2025-11-25,2028-11-24,
พิษณุโลก,พุทธชินราช พิษณุโลก,การดูแลรักษาผู้ติดเชื้อเอชไอวีและโรคติดต่อทางเพศสัมพันธ์,PDSC,2025-02-06,2028-02-05,
พิษณุโลก,ค่ายสมเด็จพระนเรศวรมหาราช,การดูแลรักษาผู้ป่วยโรคลมร้อน,PDSC,2024-04-19,2027-04-18,
พิษณุโลก,พุทธชินราช พิษณุโลก,ระบบการดูแลรักษาผู้ป่วยแบบประคับประคอง,PDSC e,2022-08-19,2025-08-18,
ตาก,สมเด็จพระเจ้าตากสินมหาราช,ระบบพัฒนาคุณภาพสถานพยาบาลด้วยเทคโนโลยีดิจิทัล,PDSC,2024-01-31,2027-01-30,
ตาก,บ้านตาก,ระบบพัฒนาคุณภาพสถานพยาบาลด้วยเทคโนโลยีดิจิทัล,PDSC,2026-04-29,2029-04-28,
นครสวรรค์,ค่ายจิรประวัติ,การดูแลรักษาผู้ป่วยโรคลมร้อน,PDSC,2024-11-08,2027-11-07,
นนทบุรี,สถาบันโรคทรวงอก,การดูแลผู้ป่วยทำการสวนหัวใจผ่านหลอดเลือดแดงที่แขน,PDSC,2025-01-20,2028-01-19,
นนทบุรี,สถาบันโรคทรวงอก,การดูแลผู้ป่วยภาวะหัวใจขาดเลือดเฉียบพลัน ขนิด ST Segment ยกขึ้น ,PDSC,2024-01-31,2027-01-30,
ปทุมธานี,ธรรมศาสตร์เฉลิมพระเกียรติ,การดูแลรักษาทารกเกิดก่อนกำหนด,re-PDSC 1,2026-04-29,2029-04-28,
นครนายก,ศูนย์การแพทย์สมเด็จพระเทพรัตนราชสุดาฯ สยามบรมราชกุมารี คณะแพทยศาสตร์ มหาวิทยาลัยศรีนครินทรวิโรฒ ,การดูแลรักษาทารกเกิดก่อนกำหนดน้ำหนักตัวน้อยมาก,PDSC,2026-07-28,2029-07-27,
ลพบุรี,พระนารายณ์มหาราช,การดูแลรักษาทารกที่มีภาวะความดันเลือดในปอดสูงในทารกแรกเกิด,PDSC,2024-02-16,2027-02-15,
ปทุมธานี,ธรรมศาสตร์เฉลิมพระเกียรติ,การดูแลรักษาผู้ป่วยเด็กโรคหืด,re-PDSC 1,2026-05-25,2029-05-24,
ลพบุรี,พระนารายณ์มหาราช,การดูแลรักษาผู้ป่วยที่มีบาดแผลไหม้,PDSC,2025-04-29,2028-04-28,
ปทุมธานี,ธรรมศาสตร์เฉลิมพระเกียรติ,การดูแลรักษาผู้ป่วยเบาหวานที่มีแผลที่เท้า,PDSC e,2020-03-02,2023-03-01,
ปทุมธานี,มหาวชิราลงกรณธัญบุรี กรมการแพทย์,การดูแลรักษาผู้ป่วยแบบประคับประคอง ,PDSC e,2022-03-04,2025-03-03,
นนทบุรี,สถาบันโรคทรวงอก,การดูแลรักษาผู้ป่วยผ่าตัดซ่อมลิ้นหัวใจไมทรัล,PDSC,2024-09-25,2027-09-24,
นนทบุรี,สถาบันโรคทรวงอก,การดูแลรักษาผู้ป่วยผ่าตัดทำทางเบี่ยงหลอดเลือดหัวใจ,PDSC,2024-01-31,2027-01-30,
ปทุมธานี,ธรรมศาสตร์เฉลิมพระเกียรติ,การดูแลรักษาผู้ป่วยผ่าตัดเปลี่ยนข้อเข่าเทียม,PDSC,2024-06-07,2027-06-06,
ลพบุรี,พระนารายณ์มหาราช,การดูแลรักษาผู้ป่วยผ่าตัดเปลี่ยนข้อเข่าเทียม,PDSC,2026-01-26,2029-01-25,
ปทุมธานี,ธรรมศาสตร์เฉลิมพระเกียรติ,การดูแลรักษาผู้ป่วยภาวะหยุดหายใจขณะหลับจากการอุดกั้นในผู้ใหญ่,PDSC,2025-04-29,2028-04-28,
ปทุมธานี,ธรรมศาสตร์เฉลิมพระเกียรติ,การดูแลรักษาผู้ป่วยโรคกล้ามเนื้อหัวใจขาดเลือดเฉียบพลัน,PDSC e,2022-04-12,2025-04-11,
นครนายก,ศูนย์การแพทย์สมเด็จพระเทพรัตนราชสุดาฯ สยามบรมราชกุมารี,การดูแลรักษาผู้ป่วยโรคกล้ามเนื้อหัวใจขาดเลือดเฉียบพลัน,PDSC,2026-01-26,2029-01-25,
ปทุมธานี,ธรรมศาสตร์เฉลิมพระเกียรติ,การดูแลรักษาผู้ป่วยโรคจอประสาทตาหลุดลอก,PDSC,2024-11-08,2027-11-07,
ลพบุรี,พระนารายณ์มหาราช,การดูแลรักษาผู้ป่วยโรคไตวายระยะสุดท้ายด้วยการล้างไตทางช่องท้อง,PDSC,2024-02-16,2027-02-15,
นนทบุรี,สถาบันโรคทรวงอก,การดูแลรักษาผู้ป่วยโรคปอดอุดกั้นเรื้อรัง  ,PDSC,2024-09-25,2027-09-24,
ลพบุรี,อานันทมหิดล,การดูแลรักษาผู้ป่วยโรคลมร้อน,PDSC,2024-11-15,2027-11-14,
นครนายก,โรงเรียนนายร้อยพระจุลจอมเกล้า,การดูแลรักษาผู้ป่วยโรคลมร้อน,PDSC,2025-01-20,2028-01-19,
สระบุรี,ค่ายอดิศร,การดูแลรักษาผู้ป่วยโรคลมร้อน,PDSC,2026-06-29,2029-06-28,
นนทบุรี,สถาบันโรคทรวงอก,การดูแลรักษาผู้ป่วยโรคหยุดหายใจขณะหลับชนิดอุดกั้น,PDSC,2025-10-15,2028-10-14,
ปทุมธานี,ธรรมศาสตร์เฉลิมพระเกียรติ,การดูแลรักษาผู้ป่วยโรคหลอดเลือดสมอง,re-PDSC 2,2026-05-25,2029-05-24,
ปทุมธานี,ธรรมศาสตร์เฉลิมพระเกียรติ,การดูแลรักษาผู้ป่วยโรคหลอดเลือดสมองโป่งพอง,PDSC,2024-02-16,2027-02-15,
นนทบุรี,สถาบันโรคทรวงอก,การดูแลรักษาผู้ป่วยวัณโรคดื้อยาและดื้อยาหลายขนาน ,PDSC,2024-01-31,2027-01-30,
ลพบุรี,มะเร็งลพบุรี,ระบบการดูแลผู้ป่วยแบบประคับประคอง,PDSC,2024-09-25,2027-09-24,
ปทุมธานี,ธรรมศาสตร์เฉลิมพระเกียรติ,ระบบการดูแลรักษาในคลินิกเบาหวาน (ศูนย์ความเป็นเลิศโรคเบาหวาน),re-PDSC 1,2025-06-04,2028-06-03,
นนทบุรี,สถาบันสิรินธรเพื่อการฟื้นฟูสมรรถภาพทางการแพทย์แห่งชาติ,ระบบการฟื้นฟูสมรรถภาพผู้ป่วยบาดเจ็บไขสันหลัง,PDSC,2024-01-31,2027-01-30,
สุพรรณบุรี,เจ้าพระยายมราช,การดูแลการผ่าตัดกระดูกข้อสะโพกหักในผู้ป่วยสูงอายุ,PDSC,2024-01-31,2027-01-30,
นครปฐม,ศูนย์การแพทย์กาญจนาภิเษก มหาวิทยาลัยมหิดล,การดูแลรักษาผู้ป่วยผ่าตัดเปลี่ยนข้อเข่าเทียม,re-PDSC 1,2025-10-15,2028-10-14,
สมุทรสาคร,บ้านแพ้ว (องค์การมหาชน) ,การดูแลรักษาผู้ป่วยโรคกล้ามเนื้อหัวใจขาดเลือดเฉียบพลัน,PDSC,2025-12-25,2028-12-24,
นครปฐม,นครปฐม,การดูแลรักษาผู้ป่วยโรคกล้ามเนื้อหัวใจขาดเลือดเฉียบพลัน,PDSC,2026-04-29,2029-04-28,
สมุทรสาคร,บ้านแพ้ว (องค์การมหาชน),การดูแลรักษาผู้ป่วยโรคต้อกระจก,PDSC,2024-04-19,2027-04-18,
กาญจนบุรี,ค่ายสุรสีห์,การดูแลรักษาผู้ป่วยโรคลมร้อน,PDSC,2024-02-16,2027-02-15,
ราชบุรี,ค่ายภาณุรังษี,การดูแลรักษาผู้ป่วยโรคลมร้อน,PDSC,2025-10-15,2028-10-14,
ประจวบคีรีขันธ์,ค่ายธนะรัชต์,การดูแลรักษาผู้ป่วยโรคลมร้อน,PDSC,2026-03-25,2029-03-24,
เพชรบุรี,ค่ายรามราชนิเวศน์,การดูแลรักษาผู้ป่วยโรคลมร้อน,PDSC,2026-07-28,2029-07-27,
นครปฐม,กรุงเทพสนามจันทร์โรงพยาบาลทั่วไปขนาดเล็ก,การดูแลรักษาผู้ป่วยโรคหลอดเลือดสมอง,PDSC,2024-11-15,2027-11-14,
นครปฐม,ศูนย์การแพทย์กาญจนาภิเษก มหาวิทยาลัยมหิดล,การบำบัดภาวะติดนิโคติน,PDSC,2024-11-08,2027-11-07,
ระยอง,ระยอง,การดูแลการผ่าตัดกระดูกข้อสะโพกหักในผู้ป่วยสูงอายุ,PDSC,2024-04-19,2027-04-18,
จันทบุรี,พระปกเกล้า,การดูแลผู้ป่วยสูงอายุกระดูกสะโพกหักด้วยการผ่าตัด,PDSC,2025-06-04,2028-06-03,
ปราจีนบุรี,เจ้าพระยาอภัยภูเบศร,การดูแลรักษาด้านการแพทย์แผนไทย,PDSC,2025-06-04,2028-06-03,
ชลบุรี,สมเด็จพระนางเจ้าสิริกิติ์ กรมแพทย์ทหารเรือ,การดูแลรักษาทารกเกิดก่อนกำหนด,re-PDSC 1e,2024-02-05,2024-02-04,
ชลบุรี,ชลบุรี,การดูแลรักษาทารกเกิดก่อนกำหนด,PDSC,2024-02-16,2027-02-15,
ชลบุรี,สมเด็จพระบรมราชเทวี ณ ศรีราชา สภากาชาดไทย,การดูแลรักษาทารกเกิดก่อนกำหนด,PDSC,2025-10-15,2028-10-14,
ชลบุรี,สมเด็จพระนางเจ้าสิริกิติ์ กรมแพทย์ทหารเรือ,การดูแลรักษาผู้ติดเชื้อเอชไอวีและโรคติดต่อทางเพศสัมพันธ์,PDSC,2024-11-15,2027-11-14,
ชลบุรี,กรุงเทพพัทยาโรงพยาบาลทั่วไปขนาดใหญ่,การดูแลรักษาผู้ป่วยเบาหวาน,PDSC,2026-01-26,2029-01-25,
สมุทรปราการ,รามาธิบดีจักรีนฤบดินทร์,การดูแลรักษาผู้ป่วยผ่าตัดเปลี่ยนข้อเข่าเทียม,PDSC,2026-01-26,2029-01-25,
ชลบุรี,สมเด็จพระนางเจ้าสิริกิติ์ กรมแพทย์ทหารเรือ,การดูแลรักษาผู้ป่วยภาวะหัวใจขาดเลือดเฉียบพลัน,re-PDSC 1,2025-10-15,2028-10-14,
สมุทรปราการ,รามาธิบดีจักรีนฤบดินทร์,การดูแลรักษาผู้ป่วยภาวะหัวใจล้มเหลว,PDSC,2026-01-26,2029-01-25,
ชลบุรี,พญาไท ศรีราชา,การดูแลรักษาผู้ป่วยโรคกล้ามเนื้อหัวใจขาดเลือดเฉียบพลัน,PDSC,2025-07-24,2028-07-23,
ชลบุรี,สมเด็จพระนางเจ้าสิริกิติ์ กรมแพทย์ทหารเรือ,การดูแลรักษาผู้ป่วยโรคประสาทหูเสื่อมชนิดเฉียบพลัน โดยใช้การบำบัดด้วยออกซิเจนแรงดันสูง,PDSC e,2021-05-05,2024-05-04,
ชลบุรี,มะเร็งชลบุรี,การดูแลรักษาผู้ป่วยโรคมะเร็งช่องปาก,PDSC,2024-11-08,2027-11-07,
ชลบุรี,กรุงเทพพัทยาโรงพยาบาลทั่วไปขนาดใหญ่,การดูแลรักษาผู้ป่วยโรคมะเร็งลำไส้ใหญ่และไส้ตรง Colorectal Cancer,PDSC,2026-05-25,2029-05-24,
ปราจีนบุรี,ค่ายจักรพงษ์,การดูแลรักษาผู้ป่วยโรคลมร้อน,PDSC,2024-09-10,2027-09-09,
ชลบุรี,ค่ายนวมินทราชินี,การดูแลรักษาผู้ป่วยโรคลมร้อน,PDSC,2026-01-26,2029-01-25,
สระแก้ว,ค่ายสุรสิงหนาท,การดูแลรักษาผู้ป่วยโรคลมร้อน,PDSC,2026-01-26,2029-01-25,
ระยอง,ระยอง,การดูแลรักษาผู้ป่วยโรคหลอดเลือดสมอง,PDSC e,2019-11-22,2022-11-21,
ปราจีนบุรี,เจ้าพระยาอภัยภูเบศร,การดูแลรักษาผู้ป่วยโรคหลอดเลือดสมอง,PDSC,2023-09-01,2026-08-31,
ชลบุรี,ชลบุรี,การดูแลรักษาผู้ป่วยโรคหลอดเลือดสมอง,PDSC,2024-11-08,2027-11-07,
ชลบุรี,กรุงเทพพัทยาโรงพยาบาลทั่วไปขนาดใหญ่,การดูแลรักษาผู้ป่วยโรคหลอดเลือดสมอง,PDSC,2025-10-15,2028-10-14,
ชลบุรี,สมเด็จพระบรมราชเทวี ณ ศรีราชา สภากาชาดไทย,การดูแลรักษาผู้ป่วยหมอนรองกระดูกเอวกดทับเส้นประสาทด้วยการผ่าตัดส่องกล้องเอนโดสโคป,PDSC,2026-06-29,2029-06-28,
ชลบุรี,ชลบุรี,การดูแลรักษาโรคกลุ่มอาการออทิซึม,PDSC,2026-06-29,2029-06-28,
ชลบุรี,สมเด็จพระนางเจ้าสิริกิติ์ กรมแพทย์ทหารเรือ,การป้องกันและดูแลรักษาสตรีตั้งครรภ์คลอดก่อนกำหนด,PDSC,2025-01-20,2028-01-19,
ชลบุรี,กรุงเทพพัทยาโรงพยาบาลทั่วไปขนาดใหญ่,การป้องกันและดูแลรักษาสตรีตั้งครรภ์คลอดก่อนกำหนด,PDSC,2026-01-26,2029-01-25,
ชลบุรี,สมเด็จพระนางเจ้าสิริกิติ์ กรมแพทย์ทหารเรือ,การป้องกันและดูแลรักษาสตรีตั้งครรภ์ที่มีภาวะความดันโลหิตสูง ,PDSC e,2022-07-21,2025-07-20,
ระยอง,ระยอง,ระบบการดูแลรักษาในคลินิกเบาหวาน (คลินิกเบาหวานครบวงจร),PDSC e,2022-01-12,2025-01-11,
ชลบุรี,ชลบุรี,ระบบการดูแลรักษาในห้องฉุกเฉินของสถานพยาบาล,PDSC e,2020-08-05,2023-08-04,
ระยอง,ระยอง,ระบบการดูแลรักษาในห้องฉุกเฉินของสถานพยาบาล,PDSC e,2020-08-05,2023-08-04,
ปราจีนบุรี,เจ้าพระยาอภัยภูเบศร,ระบบการดูแลรักษาในห้องฉุกเฉินของสถานพยาบาล,re-PDSC 1,2023-11-05,2026-11-04,
จันทบุรี,พระปกเกล้า,ระบบการดูแลรักษาผู้ป่วยแบบประคับประคอง,PDSC,2026-01-26,2029-01-25,
ชลบุรี,มะเร็งชลบุรี,ระบบการดูแลรักษาผู้ป่วยมะเร็งแบบประคับประคอง,PDSC,2025-07-24,2028-07-23,
ระยอง,ระยอง,ระบบงานเฝ้าระวังป้องกันและรักษาโรคสูญเสียการได้ยินจากเสียงดังในสถานประกอบการ ,PDSC,2024-09-10,2027-09-09,
ชลบุรี,สมเด็จพระนางเจ้าสิริกิติ์ กรมแพทย์ทหารเรือ,ระบบพัฒนาคุณภาพสถานพยาบาลด้วยเทคโนโลยีดิจิทัล,PDSC,2023-09-01,2026-08-31,
สมุทรปราการ,รามาธิบดีจักรีนฤบดินทร์,ระบบรักษาพยาบาลฉุกเฉิน,PDSC,2026-02-12,2029-02-11,
กาฬสินธุ์,กาฬสินธุ์,การดูแลการผ่าตัดกระดูกข้อสะโพกหักในผู้ป่วยสูงอายุ,PDSC,2023-09-01,2026-08-31,
ร้อยเอ็ด,ร้อยเอ็ด,การดูแลการผ่าตัดกระดูกข้อสะโพกหักในผู้ป่วยสูงอายุ,PDSC,2024-09-25,2027-09-24,
มหาสารคาม,มหาสารคาม,การดูแลการผ่าตัดกระดูกข้อสะโพกหักในผู้ป่วยสูงอายุ,PDSC,2025-12-25,2028-12-24,
ขอนแก่น,ศรีนครินทร์ คณะแพทยศาสตร์ มหาวิทยาลัยขอนแก่น,การดูแลผู้ป่วยที่ได้รับยาต้านมะเร็งทางหลอดเลือดดำแบบครบวงจร ,PDSC,2024-09-10,2027-09-09,
ขอนแก่น,ศรีนครินทร์ คณะแพทยศาสตร์ มหาวิทยาลัยขอนแก่น,การดูแลผู้ป่วยโรคไตวายเรื้อรังที่ได้รับการบำบัดทดแทนไต โดยการฟอกเลือดด้วยเครื่องไตเทียม,re-PDSC 1,2026-02-16,2029-02-15,
ขอนแก่น,ศรีนครินทร์ คณะแพทยศาสตร์ มหาวิทยาลัยขอนแก่น,การดูแลผู้ป่วยโรคสมองเสื่อม,PDSC,2026-01-26,2029-01-25,
ขอนแก่น,ขอนแก่น,การดูแลผู้ป่วยสูงอายุสมองเสื่อม,PDSC,2025-12-25,2028-12-24,
ขอนแก่น,ขอนแก่น,การดูแลรักษาทารกเกิดก่อนกำหนด,PDSC,2025-12-25,2028-12-24,
มหาสารคาม,มหาสารคาม,การดูแลรักษาผู้ป่วยเด็กโรคหืด,PDSC,2025-07-24,2028-07-23,
ขอนแก่น,ขอนแก่น,การดูแลรักษาผู้ป่วยบาดเจ็บกระดูกสันหลังและไขสันหลัง,re-PDSC 1,2025-12-25,2028-12-24,
ขอนแก่น,ศรีนครินทร์ คณะแพทยศาสตร์ มหาวิทยาลัยขอนแก่น,การดูแลรักษาผู้ป่วยปากแหว่ง – เพดานโหว่,re-PDSC 2,2025-07-12,2028-07-11,
มหาสารคาม,มหาสารคาม,การดูแลรักษาผู้ป่วยผ่าตัดเปลี่ยนข้อเข่าเทียม,PDSC,2025-04-29,2028-04-28,
ขอนแก่น,ขอนแก่น,การดูแลรักษาผู้ป่วยโรคกล้ามเนื้อหัวใจขาดเลือดเฉียบพลัน,PDSC e,2022-12-15,2025-12-14,
ขอนแก่น,ศรีนครินทร์ คณะแพทยศาสตร์ มหาวิทยาลัยขอนแก่น,การดูแลรักษาผู้ป่วยโรคมะเร็งกระดูกชนิด Osteosarcoma,PDSC,2026-01-26,2029-01-25,
ขอนแก่น,ศรีนครินทร์ คณะแพทยศาสตร์ มหาวิทยาลัยขอนแก่น,การดูแลรักษาผู้ป่วยโรคมะเร็งเต้านม,PDSC,2024-02-16,2027-02-15,
ขอนแก่น,ศรีนครินทร์ คณะแพทยศาสตร์ มหาวิทยาลัยขอนแก่น,การดูแลรักษาผู้ป่วยโรคมะเร็งท่อน้ำดี,re-PDSC 2,2025-07-12,2028-07-11,
ขอนแก่น,ค่ายศรีพัชรินทร,การดูแลรักษาผู้ป่วยโรคลมร้อน,PDSC,2026-06-29,2029-06-28,
ร้อยเอ็ด,ค่ายสมเด็จพระพุทธยอดฟ้าจุฬาโลกมหาราช,การดูแลรักษาผู้ป่วยโรคลมร้อน,PDSC,2026-07-28,2029-07-27,
ร้อยเอ็ด,ร้อยเอ็ด,การดูแลรักษาผู้ป่วยโรคหลอดเลือดสมอง,PDSC e,2020-12-04,2023-12-03,
กาฬสินธุ์,กาฬสินธุ์,การดูแลรักษาผู้ป่วยโรคหลอดเลือดสมอง,re-PDSC 1,2024-02-05,2027-02-04,
ขอนแก่น,ศรีนครินทร์ คณะแพทยศาสตร์ มหาวิทยาลัยขอนแก่น,การดูแลรักษาผู้ป่วยโรคหลอดเลือดสมอง,re-PDSC 1,2024-03-05,2027-03-04,
ขอนแก่น,ขอนแก่น,การดูแลรักษาผู้ป่วยโรคหลอดเลือดสมอง,re-PDSC 1,2024-05-07,2027-05-06,
มหาสารคาม,มหาสารคาม,การดูแลรักษาผู้ป่วยโรคหลอดเลือดสมอง,PDSC,2025-12-25,2028-12-24,
ขอนแก่น,ศรีนครินทร์ คณะแพทยศาสตร์ มหาวิทยาลัยขอนแก่น,การดูแลรักษาผู้ป่วยโรคหลอดเลือดสมองโป่งพอง,re-PDSC 1,2026-09-01,2029-08-31,
ขอนแก่น,ขอนแก่น,การดูแลรักษาผู้ป่วยสมองบาดเจ็บรุนแรง,PDSC,2025-12-25,2028-12-24,
ขอนแก่น,ศรีนครินทร์ คณะแพทยศาสตร์ มหาวิทยาลัยขอนแก่น,การดูแลรักษาโรคจอประสาทตาผิดปกติในทารกคลอดก่อนกำหนด,PDSC e,2023-02-06,2026-02-05,
ขอนแก่น,ขอนแก่น,การรับบริจาคอวัยวะ และปลูกถ่ายไต,PDSC,2025-12-25,2028-12-24,
ขอนแก่น,ขอนแก่น,ระบบการดูแลรักษาผู้ป่วยบาดเจ็บหลายระบบ,re-PDSC 1,2025-12-25,2028-12-24,
ขอนแก่น,ศรีนครินทร์ คณะแพทยศาสตร์ มหาวิทยาลัยขอนแก่น,ระบบการดูแลรักษาผู้ป่วยแบบประคับประคอง,PDSC e,2018-03-05,2021-03-04,
ขอนแก่น,ขอนแก่น,ระบบรักษาพยาบาลฉุกเฉิน,PDSC,2024-09-10,2027-09-09,
สกลนคร,สกลนคร,การดูแลรักษาผู้ป่วยโรคต้อกระจก,PDSC,2026-05-25,2029-05-24,
อุดรธานี,อุดรธานี,การดูแลรักษาผู้ป่วยโรคธาลัสซิเมียในเด็ก,PDSC,2024-02-16,2027-02-15,
อุดรธานี,มะเร็งอุดรธานี,การดูแลรักษาผู้ป่วยโรคมะเร็งศีรษะและลำคอ,PDSC,2024-09-25,2027-09-24,
อุดรธานี,ค่ายประจักษ์ศิลปาคม,การดูแลรักษาผู้ป่วยโรคลมร้อน,PDSC,2024-11-08,2027-11-07,
สกลนคร,ค่ายกฤษณ์สีวะรา,การดูแลรักษาผู้ป่วยโรคลมร้อน,PDSC,2026-01-26,2029-01-25,
นครพนม,ค่ายพระยอดเมืองขวาง,การดูแลรักษาผู้ป่วยโรคลมร้อน,PDSC,2026-07-28,2029-07-27,
อุดรธานี,อุดรธานี,การดูแลรักษาผู้ป่วยโรคหลอดเลือดสมอง,PDSC,2024-02-16,2027-02-15,
อุดรธานี,อุดรธานี,การดูแลรักษาผู้สูงอายุกระดูกข้อสะโพกหัก,PDSC,2026-04-29,2029-04-28,
สกลนคร,สกลนคร,การบำบัดภาวะติดนิโคติน,PDSC,2025-02-06,2028-02-05,
อุดรธานี,อุดรธานี,ระบบการดูแลรักษาผู้ป่วยแบบประคับประคอง,PDSC,2024-05-07,2027-05-06,
อุดรธานี,มะเร็งอุดรธานี,ระบบการดูแลรักษาผู้ป่วยมะเร็งแบบประคับประคอง,PDSC,2025-01-20,2028-01-19,
ชัยภูมิ,ชัยภูมิ,การดูแลการผ่าตัดกระดูกข้อสะโพกหักในผู้ป่วยสูงอายุ,PDSC,2024-09-25,2027-09-24,
บุรีรัมย์,บุรีรัมย์,การดูแลรักษาทารกคลอดก่อนกำหนดน้ำหนักน้อย,PDSC,2026-04-29,2029-04-28,
นครราชสีมา,ค่ายสุรนารี,การดูแลรักษาผู้ติดเชื้อเอชไอวีและโรคติดต่อทางเพศสัมพันธ์,PDSC e,2017-12-15,2020-12-14,
สุรินทร์,ปราสาท,การดูแลรักษาผู้ติดเชื้อเอชไอวีและโรคติดต่อทางเพศสัมพันธ์,PDSC e,2019-02-25,2022-02-24,
นครราชสีมา,มหาราชนครราชสีมา,การดูแลรักษาผู้ติดเชื้อเอชไอวีและโรคติดต่อทางเพศสัมพันธ์,PDSC,2025-06-04,2028-06-03,
นครราชสีมา,มหาวิทยาลัยเทคโนโลยีสุรนารี,การดูแลรักษาผู้ป่วยข้อเข่าเสื่อม,PDSC e,2020-03-24,2023-03-23,
นครราชสีมา,มหาราชนครราชสีมา,การดูแลรักษาผู้ป่วยเด็กโรคลมชัก,PDSC e,2022-12-15,2025-12-14,
นครราชสีมา,มหาราชนครราชสีมา,การดูแลรักษาผู้ป่วยผ่าตัดเปลี่ยนข้อเข่าเทียม,PDSC e,2022-05-10,2025-05-09,
นครราชสีมา,มหาวิทยาลัยเทคโนโลยีสุรนารี,การดูแลรักษาผู้ป่วยผ่าตัดเปลี่ยนข้อเข่าเทียม,PDSC,2024-04-19,2027-04-18,
นครราชสีมา,มหาราชนครราชสีมา,การดูแลรักษาผู้ป่วยโรคไตวายระยะสุดท้ายด้วยการล้างไตทางช่องท้อง,PDSC e,2021-10-25,2024-10-24,
นครราชสีมา,มหาราชนครราชสีมา,การดูแลรักษาผู้ป่วยโรคมะเร็งช่องปาก,PDSC e,2022-04-12,2025-04-11,
สุรินทร์,ค่ายวีรวัฒน์โยธิน,การดูแลรักษาผู้ป่วยโรคลมร้อน,PDSC,2025-08-20,2028-08-19,
นครราชสีมา,ค่ายสุรนารี,การดูแลรักษาผู้ป่วยโรคลมร้อน,PDSC,2025-08-20,2028-08-19,
สุรินทร์,สุรินทร์,การบำบัดภาวะติดนิโคติน,PDSC,2025-02-06,2028-02-05,
นครราชสีมา,มหาราชนครราชสีมา,ระบบการดูแลรักษาในคลินิกเบาหวาน (ศูนย์เบาหวาน),PDSC,2024-01-31,2027-01-30,
นครราชสีมา,มหาราชนครราชสีมา,ระบบการป้องกันและดูแลรักษาโรคธาลัสซีเมียในสตรีตั้งครรภ์,PDSC,2024-12-19,2027-12-18,
บุรีรัมย์,คูเมือง,ระบบพัฒนาคุณภาพสถานพยาบาลด้วยเทคโนโลยีดิจิทัล,PDSC e,2022-10-21,2025-10-20,
บุรีรัมย์ ,บ้านใหม่ไชยพจน์,ระบบพัฒนาคุณภาพสถานพยาบาลด้วยเทคโนโลยีดิจิทัล,PDSC,2024-11-15,2027-11-14,
อุบลราชธานี,มะเร็งอุบลราชธานี,การดูแลผู้ป่วยโรคมะเร็งเต้านม,PDSC,2025-08-20,2028-08-19,
อุบลราชธานี,สรรพสิทธิประสงค์,การดูแลรักษาทารกเกิดก่อนกำหนดน้ำหนักตัวน้อยมาก,PDSC,2026-02-12,2029-02-11,
ศรีสะเกษ,ขุขันธ์,การดูแลรักษาผู้ติดเชื้อเอชไอวีและโรคติดต่อทางเพศสัมพันธ์,PDSC e,2016-02-16,2019-02-15,
อุบลราชธานี,สรรพสิทธิประสงค์,การดูแลรักษาผู้ป่วย Placenta Accreta Spectrum Disorders,PDSC,2026-05-25,2029-05-24,
อุบลราชธานี,สรรพสิทธิประสงค์,การดูแลรักษาผู้ป่วยบาดเจ็บกระดูกเชิงกรานและกระดูกเบ้าสะโพกหัก,PDSC,2026-04-29,2029-04-28,
อุบลราชธานี,มะเร็งอุบลราชธานี,การดูแลรักษาผู้ป่วยโรคมะเร็งเต้านม,PDSC e,2022-03-04,2025-03-03,
อุบลราชธานี,ค่ายสรรพสิทธิประสงค์,การดูแลรักษาผู้ป่วยโรคลมร้อน,PDSC,2024-09-10,2027-09-09,
อุบลราชธานี,มะเร็งอุบลราชธานี,ระบบการดูแลรักษาผู้ป่วยมะเร็งแบบประคับประคอง,PDSC,2025-04-29,2028-04-28,
นครศรีธรรมราช,ทุ่งสง,การดูแลรักษาผู้ป่วยความดันโลหิตสูงในปอดเรื้อรังในทารกแรกเกิด,PDSC,2025-11-25,2028-11-24,
นครศรีธรรมราช,ทุ่งสง,การดูแลรักษาผู้ป่วยเจ็บครรภ์และคลอดก่อนกำหนด,PDSC,2025-11-25,2028-11-24,
ชุมพร,ชุมพรเขตรอุดมศักดิ์,การดูแลรักษาผู้ป่วยภาวะบาดเจ็บสมอง,PDSC,2024-11-15,2027-11-14,
สุราษฎร์ธานี,ค่ายวิภาวดีรังสิต,การดูแลรักษาผู้ป่วยโรคลมร้อน,PDSC,2024-07-03,2027-07-02,
นครศรีธรรมราช,ค่ายเทพสตรีศรีสุนทร,การดูแลรักษาผู้ป่วยโรคลมร้อน,PDSC,2024-09-10,2027-09-09,
นครศรีธรรมราช,ค่ายวชิราวุธ,การดูแลรักษาผู้ป่วยโรคลมร้อน,PDSC,2024-12-19,2027-12-18,
กระบี่,กระบี่,การดูแลรักษาผู้ป่วยโรคหลอดเลือดสมอง,PDSC,2026-04-29,2029-04-28,
สุราษฎร์ธานี,มะเร็งสุราษฎร์ธานี,ระบบการดูแลรักษาผู้ป่วยมะเร็งแบบประคับประคอง,PDSC,2024-12-19,2027-12-18,
สงขลา,สงขลานครินทร์,การดูแลผู้ป่วยที่มีภาวะใส่ท่อช่วยหายใจยากโดยสาขาวิชาวิสัญญีวิทยา,re-PDSC 1,2025-10-21,2028-10-20,
สงขลา,สงขลานครินทร์,การดูแลรักษาทารกที่มีภาวะความดันเลือดในปอดสูงในทารกแรกเกิด,PDSC,2024-06-07,2027-06-06,
สงขลา,หาดใหญ่,การดูแลรักษาผู้ติดเชื้อเอชไอวีและโรคติดต่อทางเพศสัมพันธ์,PDSC e,2019-02-25,2022-02-24,
สงขลา,สงขลานครินทร์,การดูแลรักษาผู้ป่วย Placenta Accreta Spectrum Disorders,re-PDSC 1,2025-12-25,2028-12-24,
สงขลา,สงขลา,การดูแลรักษาผู้ป่วยความดันโลหิตสูงขณะตั้งครรภ์,PDSC,2026-06-29,2029-06-28,
สงขลา,สงขลานครินทร์,การดูแลรักษาผู้ป่วยจิตเภท,re-PDSC 1,2025-10-21,2028-10-20,
สงขลา,สงขลานครินทร์,การดูแลรักษาผู้ป่วยเด็กโรคสมาธิสั้น,re-PDSC 1,2025-10-21,2028-10-20,
สงขลา,สงขลานครินทร์,การดูแลรักษาผู้ป่วยบาดเจ็บที่ศีรษะ,PDSC e,2017-03-06,2020-03-05,
สงขลา,สงขลานครินทร์,การดูแลรักษาผู้ป่วยผ่าตัดเปลี่ยนข้อเข่าเทียม,PDSC,2024-01-31,2027-01-30,
นราธิวาส,นราธิวาสราชนครินทร์,การดูแลรักษาผู้ป่วยภาวะตกเลือดหลังคลอด,PDSC,2025-11-25,2028-11-24,
สงขลา,สงขลานครินทร์,การดูแลรักษาผู้ป่วยภาวะบกพร่องทางการได้ยิน,PDSC,2025-01-20,2028-01-19,
สงขลา,สงขลานครินทร์,การดูแลรักษาผู้ป่วยโรคกล้ามเนื้อหัวใจขาดเลือดเฉียบพลัน ชนิด STEMI,PDSC,2026-02-16,2029-02-15,
สงขลา,หาดใหญ่,การดูแลรักษาผู้ป่วยโรคกล้ามเนื้อหัวใจตาย ชนิดหลอดเลือดหัวใจอุดตันเฉียบพลัน,PDSC,2025-06-04,2028-06-03,
สงขลา,สงขลานครินทร์,การดูแลรักษาผู้ป่วยโรคจอประสาทตาฉีกขาดหลุดลอก,re-PDSC 1,2025-10-21,2028-10-20,
สงขลา,สงขลานครินทร์,การดูแลรักษาผู้ป่วยโรคเนื้องอกสมอง,re-PDSC 1,2026-09-01,2029-08-31,
สงขลา,หาดใหญ่,การดูแลรักษาผู้ป่วยโรคมะเร็งเต้านม,PDSC,2025-11-25,2028-11-24,
สงขลา,สงขลานครินทร์,การดูแลรักษาผู้ป่วยโรคมะเร็งปากมดลูก,PDSC,2024-01-31,2027-01-30,
สงขลา,สงขลานครินทร์,การดูแลรักษาผู้ป่วยโรคมะเร็งศีรษะและลำคอ,re-PDSC 1,2025-10-21,2028-10-20,
สงขลา,ค่ายเสนาณรงค์,การดูแลรักษาผู้ป่วยโรคลมร้อน,PDSC,2025-07-24,2028-07-23,
ตรัง,โรคผิวหนังเขตร้อนภาคใต้ จังหวัดตรัง,การดูแลรักษาผู้ป่วยโรคสะเก็ดเงิน,PDSC,2024-06-07,2027-06-06,
สงขลา,หาดใหญ่,การดูแลรักษาผู้ป่วยโรคหลอดเลือดสมอง,PDSC e,2023-02-06,2026-02-05,
นราธิวาส,นราธิวาสราชนครินทร์,การดูแลรักษาผู้ป่วยโรคหลอดเลือดสมอง,PDSC,2025-01-20,2028-01-19,
สตูล,สตูล,การดูแลรักษาผู้ป่วยโรคหลอดเลือดสมอง,PDSC,2026-01-26,2029-01-25,
ปัตตานี,ปัตตานี,การดูแลรักษาผู้ป่วยโรคหลอดเลือดสมอง,PDSC,2026-04-29,2029-04-28,
นราธิวาส,นราธิวาสราชนครินทร์,การดูแลรักษาผู้ป่วยโรคฮีโมฟีเลีย เอ และ ฮีโมฟีเลีย บี,PDSC,2026-02-12,2029-02-11,
สตูล,สตูล,การบำบัดภาวะติดนิโคติน,PDSC,2024-11-08,2027-11-07,
ตรัง,ห้วยยอด,การบำบัดภาวะติดนิโคติน,PDSC,2025-01-20,2028-01-19,
ปัตตานี,มายอ,การบำบัดภาวะติดนิโคติน,PDSC,2025-02-06,2028-02-05,
สงขลา,สงขลานครินทร์,การสกัดกั้นเส้นประสาทส่วนปลายเพื่อการผ่าตัดในผู้ป่วยออร์โธปิดิกส์,PDSC,2024-06-07,2027-06-06,
นราธิวาส,นราธิวาสราชนครินทร์,ระบบบริหารจัดการเครื่องมือแพทย์,PDSC,2026-02-16,2029-02-15,
กรุงเทพมหานคร,คณะแพทยศาสตร์วชิรพยาบาล มหาวิทยาลัยนวมินทราธิราช,การดูแลการผ่าตัดกระดูกข้อสะโพกหักในผู้ป่วยสูงอายุ,PDSC,2023-09-01,2026-08-31,
กรุงเทพมหานคร,เซนต์หลุยส์โรงพยาบาลทั่วไปขนาดใหญ่,การดูแลการผ่าตัดกระดูกข้อสะโพกหักในผู้ป่วยสูงอายุ,PDSC,2024-01-31,2027-01-30,
กรุงเทพมหานคร,คณะแพทยศาสตร์โรงพยาบาลรามาธิบดี มหาวิทยาลัยมหิดล,การดูแลผู้ป่วยเด็กที่ได้รับอาหารทางสายให้อาหารที่บ้าน,PDSC,2025-07-24,2028-07-23,
กรุงเทพมหานคร,คณะแพทยศาสตร์โรงพยาบาลรามาธิบดี มหาวิทยาลัยมหิดล,การดูแลผู้ป่วยที่ได้รับสารพิษ โดยทีมศูนย์พิษวิทยา,re-PDSC 1,2024-07-02,2027-07-01,
กรุงเทพมหานคร,จุฬาภรณ์,การดูแลผู้ป่วยภาวะกล้ามเนื้อหัวใจทำงานผิดปกติที่สัมพันธ์กับการรักษาโรคมะเร็ง,PDSC,2026-07-28,2029-07-27,
กรุงเทพมหานคร,คณะแพทยศาสตร์วชิรพยาบาล มหาวิทยาลัยนวมินทราธิราช,การดูแลผู้ป่วยภาวะเบาหวานขึ้นจอตาขั้นรุนแรง,re-PDSC 1,2024-07-02,2027-07-01,
กรุงเทพมหานคร,คณะแพทยศาสตร์ศิริราชพยาบาล มหาวิทยาลัยมหิดล,การดูแลผู้ป่วยมะเร็งเม็ดเลือดขาวเฉียบพลัน,re-PDSC 1,2026-02-06,2029-02-05,
กรุงเทพมหานคร,คณะแพทยศาสตร์วชิรพยาบาล มหาวิทยาลัยนวมินทราธิราช,การดูแลผู้ป่วยโรคขาขาดเลือดเรื้อรังขั้นวิกฤติ,PDSC,2026-02-12,2029-02-11,
กรุงเทพมหานคร,คณะแพทยศาสตร์วชิรพยาบาล มหาวิทยาลัยนวมินทราธิราช,การดูแลผู้ป่วยโรคจอตาผิดปกติในทารกเกิดก่อนกำหนด,PDSC,2025-07-24,2028-07-23,
กรุงเทพมหานคร,คณะแพทยศาสตร์ศิริราชพยาบาล มหาวิทยาลัยมหิดล,การดูแลผู้ป่วยโรคหยุดหายใจขณะหลับจากการอุดกั้น,PDSC,2025-07-24,2028-07-23,
กรุงเทพมหานคร,คณะแพทยศาสตร์วชิรพยาบาล มหาวิทยาลัยนวมินทราธิราช,การดูแลผู้ป่วยใส่อุปกรณ์อิเล็กทรอนิกส์ไฟฟ้าหัวใจ,re-PDSC 1,2024-05-05,2027-05-04,
กรุงเทพมหานคร,คณะแพทยศาสตร์วชิรพยาบาล มหาวิทยาลัยนวมินทราธิราช,การดูแลรักษาทารกเกิดก่อนกำหนด,re-PDSC 2,2025-03-05,2028-03-04,
กรุงเทพมหานคร,สิรินธร กรุงเทพมหานคร,การดูแลรักษาทารกเกิดก่อนกำหนด,PDSC,2026-02-12,2029-02-11,
กรุงเทพมหานคร,พญาไท 3 โรงพยาบาลทั่วไปขนาดใหญ่,การดูแลรักษาทารกน้ำหนักน้อยกว่ากำหนด,PDSC,2026-02-12,2029-02-11,
กรุงเทพมหานคร,คณะแพทยศาสตร์วชิรพยาบาล มหาวิทยาลัยนวมินทราธิราช,การดูแลรักษาทารกแรกเกิดที่มีปัญหาการได้ยิน,PDSC,2024-07-03,2027-07-02,
กรุงเทพมหานคร,ภูมิพลอดุลยเดช กรมแพทย์ทหารอากาศ,การดูแลรักษาผู้ติดเชื้อเอชไอวีและโรคติดต่อทางเพศสัมพันธ์,PDSC e,2022-09-30,2025-09-29,
กรุงเทพมหานคร,คณะแพทยศาสตร์โรงพยาบาลรามาธิบดี มหาวิทยาลัยมหิดล,การดูแลรักษาผู้ติดเชื้อเอชไอวีและโรคติดต่อทางเพศสัมพันธ์,PDSC,2024-01-31,2027-01-30,
กรุงเทพมหานคร,ตากสิน กรุงเทพมหานคร,การดูแลรักษาผู้ติดเชื้อเอชไอวีและโรคติดต่อทางเพศสัมพันธ์,PDSC,2024-04-19,2027-04-18,
กรุงเทพมหานคร,สิรินธร กรุงเทพมหานคร,การดูแลรักษาผู้ติดเชื้อเอชไอวีและโรคติดต่อทางเพศสัมพันธ์,PDSC,2024-11-15,2027-11-14,
กรุงเทพมหานคร,หลวงพ่อทวีศักดิ์ ชุตินฺธโร อุทิศ กรุงเทพมหานคร,การดูแลรักษาผู้ติดเชื้อเอชไอวีและโรคติดต่อทางเพศสัมพันธ์,PDSC,2025-02-06,2028-02-05,
กรุงเทพมหานคร,จุฬาลงกรณ์ สภากาชาดไทย,การดูแลรักษาผู้ติดเชื้อเอชไอวีและโรคติดต่อทางเพศสัมพันธ์,PDSC,2025-06-04,2028-06-03,
กรุงเทพมหานคร,คณะแพทยศาสตร์วชิรพยาบาล มหาวิทยาลัยนวมินทราธิราช,การดูแลรักษาผู้ติดเชื้อเอชไอวีและโรคติดต่อทางเพศสัมพันธ์,PDSC,2025-10-15,2028-10-14,
กรุงเทพมหานคร,กลาง,การดูแลรักษาผู้ติดเชื้อเอชไอวีและโรคติดต่อทางเพศสัมพันธ์,re-PDSC 1,2025-11-25,2028-11-24,
กรุงเทพมหานคร,ราชพิพัฒน์,การดูแลรักษาผู้ติดเชื้อเอชไอวีและโรคติดต่อทางเพศสัมพันธ์,re-PDSC 1,2025-12-30,2028-12-29,
กรุงเทพมหานคร,ตำรวจ,การดูแลรักษาผู้ติดเชื้อเอชไอวีและโรคติดต่อทางเพศสัมพันธ์,PDSC,2026-05-25,2029-05-24,
กรุงเทพมหานคร,ภูมิพลอดุลยเดช กรมแพทย์ทหารอากาศ,การดูแลรักษาผู้ป่วยกระดูกเชิงกรานและเบ้าสะโพกหัก,PDSC,2025-02-06,2028-02-05,
กรุงเทพมหานคร,คณะแพทยศาสตร์ศิริราชพยาบาล มหาวิทยาลัยมหิดล,การดูแลรักษาผู้ป่วยข้อสะโพกหักในผู้สูงอายุ ,re-PDSC 1,2026-04-29,2029-04-28,
กรุงเทพมหานคร,คณะแพทยศาสตร์โรงพยาบาลรามาธิบดี มหาวิทยาลัยมหิดล,การดูแลรักษาผู้ป่วยจิตเวชด้วยไฟฟ้า,re-PDSC 1,2024-04-05,2027-04-04,
กรุงเทพมหานคร,เจริญกรุงประชารักษ์,การดูแลรักษาผู้ป่วยด้วยหัตถการผ่าตัดผ่านกล้องสำหรับการผ่าตัดมดลูก การผ่าตัดเนื้องอกมดลูก และการผ่าตัดถุงน้ำที่รังไข่  ,PDSC,2024-01-31,2027-01-30,
กรุงเทพมหานคร,ตากสิน กรุงเทพมหานคร,การดูแลรักษาผู้ป่วยเด็กโรคหืด,re-PDSC 1,2026-05-06,2029-05-05,
กรุงเทพมหานคร,จุฬาลงกรณ์ สภากาชาดไทย,การดูแลรักษาผู้ป่วยที่มีภาวะกระดูกข้อสะโพกหัก,PDSC,2026-05-25,2029-05-24,
กรุงเทพมหานคร,คณะแพทยศาสตร์โรงพยาบาลรามาธิบดี มหาวิทยาลัยมหิดล,การดูแลรักษาผู้ป่วยเบาหวาน,re-PDSC 1e,2023-06-05,2026-06-04,
กรุงเทพมหานคร,พญาไท 3 โรงพยาบาลทั่วไปขนาดใหญ่,การดูแลรักษาผู้ป่วยเบาหวาน,PDSC,2024-09-25,2027-09-24,
กรุงเทพมหานคร,คณะแพทยศาสตร์โรงพยาบาลรามาธิบดี มหาวิทยาลัยมหิดล,การดูแลรักษาผู้ป่วยปลูกถ่ายเซลล์ต้นกำเนิด ,re-PDSC 2,2025-03-05,2028-03-04,
กรุงเทพมหานคร,คณะแพทยศาสตร์โรงพยาบาลรามาธิบดี มหาวิทยาลัยมหิดล,การดูแลรักษาผู้ป่วยปลูกถ่ายตับ,re-PDSC 2,2025-03-05,2028-03-04,
กรุงเทพมหานคร,คณะแพทยศาสตร์ศิริราชพยาบาล มหาวิทยาลัยมหิดล,การดูแลรักษาผู้ป่วยปลูกถ่ายตับ,re-PDSC 2,2025-03-05,2028-03-04,
กรุงเทพมหานคร,จุฬาลงกรณ์ สภากาชาดไทย,การดูแลรักษาผู้ป่วยปลูกถ่ายตับ,PDSC,2025-08-20,2028-08-19,
กรุงเทพมหานคร,จุฬาลงกรณ์ สภากาชาดไทย,การดูแลรักษาผู้ป่วยปลูกถ่ายตับเด็ก  ,PDSC,2025-08-20,2028-08-19,
กรุงเทพมหานคร,คณะแพทยศาสตร์โรงพยาบาลรามาธิบดี มหาวิทยาลัยมหิดล,การดูแลรักษาผู้ป่วยปลูกถ่ายไต ,re-PDSC 2,2025-03-05,2028-03-04,
กรุงเทพมหานคร,จุฬาลงกรณ์ สภากาชาดไทย,การดูแลรักษาผู้ป่วยปลูกถ่ายไต ,PDSC,2026-01-26,2029-01-25,
กรุงเทพมหานคร,จุฬาลงกรณ์ สภากาชาดไทย,การดูแลรักษาผู้ป่วยปลูกถ่ายหัวใจ,PDSC,2025-01-20,2028-01-19,
กรุงเทพมหานคร,คณะแพทยศาสตร์โรงพยาบาลรามาธิบดี มหาวิทยาลัยมหิดล,การดูแลรักษาผู้ป่วยปลูกถ่ายอวัยวะในช่องอก,PDSC,2025-04-29,2028-04-28,
กรุงเทพมหานคร,กลาง,การดูแลรักษาผู้ป่วยผ่าตัดเปลี่ยนข้อเข่าเทียม,PDSC,2025-02-06,2028-02-05,
กรุงเทพมหานคร,คณะแพทยศาสตร์ศิริราชพยาบาล มหาวิทยาลัยมหิดล,การดูแลรักษาผู้ป่วยผ่าตัดเปลี่ยนข้อเข่าเทียม,re-PDSC 2,2025-03-05,2028-03-04,
กรุงเทพมหานคร,จุฬาภรณ์,การดูแลรักษาผู้ป่วยผ่าตัดเปลี่ยนข้อเข่าเทียม,PDSC,2025-04-30,2028-04-29,
กรุงเทพมหานคร,คณะแพทยศาสตร์โรงพยาบาลรามาธิบดี มหาวิทยาลัยมหิดล,การดูแลรักษาผู้ป่วยผ่าตัดเปลี่ยนข้อเข่าเทียม,re-PDSC 1,2025-11-25,2028-11-24,
กรุงเทพมหานคร,คณะแพทยศาสตร์วชิรพยาบาล มหาวิทยาลัยนวมินทราธิราช,การดูแลรักษาผู้ป่วยผ่าตัดเปลี่ยนข้อเข่าเทียม,re-PDSC 2,2026-04-29,2029-04-28,
กรุงเทพมหานคร,พญาไท 3 โรงพยาบาลทั่วไปขนาดใหญ่,การดูแลรักษาผู้ป่วยผ่าตัดเปลี่ยนข้อเข่าเทียม,re-PDSC 1,2026-05-13,2029-05-12,
กรุงเทพมหานคร,คณะแพทยศาสตร์โรงพยาบาลรามาธิบดี มหาวิทยาลัยมหิดล,การดูแลรักษาผู้ป่วยผ่าตัดส่องกล้องข้อเข่าแบบวันเดียวกลับ,PDSC,2024-01-31,2027-01-30,
กรุงเทพมหานคร,จุฬาลงกรณ์ สภากาชาดไทย,การดูแลรักษาผู้ป่วยพาร์กินสันและกลุ่มโรคเคลื่อนไหวผิดปกติ,PDSC e,2018-03-05,2021-03-04,
กรุงเทพมหานคร,สถาบันสุขภาพเด็กแห่งชาติมหาราชินี กรมการแพทย์,การดูแลรักษาผู้ป่วยภาวะผนังหน้าท้องไม่ปิดแต่กำเนิดชนิดมีลำไส้ออกมานอกช่องท้อง,PDSC,2024-02-16,2027-02-15,
กรุงเทพมหานคร,กลาง,การดูแลรักษาผู้ป่วยภาวะผิดปกติทางสายตาด้วยวิธีเลสิค,PDSC,2024-01-31,2027-01-30,
กรุงเทพมหานคร,พญาไท 1 โรงพยาบาลทั่วไปขนาดใหญ่,การดูแลรักษาผู้ป่วยภาวะหัวใจล้มเหลว,PDSC e,2020-06-05,2023-06-04,
กรุงเทพมหานคร,จุฬาภรณ์,การดูแลรักษาผู้ป่วยมะเร็งต่อมน้ำเหลือง,PDSC,2026-01-26,2029-01-25,
กรุงเทพมหานคร,คณะแพทยศาสตร์โรงพยาบาลรามาธิบดี มหาวิทยาลัยมหิดล,การดูแลรักษาผู้ป่วยมะเร็งต่อมลูกหมาก,PDSC,2026-02-12,2029-02-11,
กรุงเทพมหานคร,เจริญกรุงประชารักษ์,การดูแลรักษาผู้ป่วยมะเร็งต่อมลูกหมาก,PDSC,2026-04-29,2029-04-28,
กรุงเทพมหานคร,จุฬาภรณ์,การดูแลรักษาผู้ป่วยมะเร็งไทรอยด์,PDSC,2026-01-26,2029-01-25,
กรุงเทพมหานคร,ตากสิน กรุงเทพมหานคร,การดูแลรักษาผู้ป่วยระยะก่อนเป็นมะเร็งปากมดลูก,PDSC,2024-11-08,2027-11-07,
กรุงเทพมหานคร,คณะแพทยศาสตร์วชิรพยาบาล มหาวิทยาลัยนวมินทราธิราช,การดูแลรักษาผู้ป่วยโรคกล้ามเนื้อหัวใจขาดเลือดเฉียบพลัน,PDSC,2024-01-31,2027-01-30,
กรุงเทพมหานคร,เจริญกรุงประชารักษ์,การดูแลรักษาผู้ป่วยโรคกล้ามเนื้อหัวใจขาดเลือดเฉียบพลัน,PDSC,2026-04-29,2029-04-28,
กรุงเทพมหานคร,จุฬาลงกรณ์ สภากาชาดไทย,การดูแลรักษาผู้ป่วยโรคกล้ามเนื้อหัวใจตายเฉียบพลัน,PDSC,2024-04-19,2027-04-18,
กรุงเทพมหานคร,จุฬาลงกรณ์ สภากาชาดไทย,การดูแลรักษาผู้ป่วยโรคไต,PDSC e,2018-03-05,2021-03-04,
กรุงเทพมหานคร,จุฬาลงกรณ์ สภากาชาดไทย,การดูแลรักษาผู้ป่วยโรคไตวายเฉียบพลัน,PDSC,2025-08-20,2028-08-19,
กรุงเทพมหานคร,วิมุต-เทพธารินทร์,การดูแลรักษาผู้ป่วยโรคไทรอยด์,re-PDSC 1,2024-04-05,2027-04-04,
กรุงเทพมหานคร,คณะแพทยศาสตร์โรงพยาบาลรามาธิบดี มหาวิทยาลัยมหิดล,การดูแลรักษาผู้ป่วยโรคเนื้องอกต่อมใต้สมอง,PDSC,2026-02-12,2029-02-11,
กรุงเทพมหานคร,เลิดสิน,การดูแลรักษาผู้ป่วยโรคมะเร็งกระดูกชนิด Osteosarcoma,PDSC,2024-11-08,2027-11-07,
กรุงเทพมหานคร,คณะแพทยศาสตร์โรงพยาบาลรามาธิบดี มหาวิทยาลัยมหิดล,การดูแลรักษาผู้ป่วยโรคมะเร็งกระเพาะอาหาร,PDSC e,2023-07-11,2026-07-10,
กรุงเทพมหานคร,พญาไท 1 โรงพยาบาลทั่วไปขนาดใหญ่,การดูแลรักษาผู้ป่วยโรคมะเร็งเต้านม,PDSC e,2019-09-20,2022-09-19,
กรุงเทพมหานคร,คณะแพทยศาสตร์โรงพยาบาลรามาธิบดี มหาวิทยาลัยมหิดล,การดูแลรักษาผู้ป่วยโรคมะเร็งเต้านม,PDSC,2024-01-31,2027-01-30,
กรุงเทพมหานคร,พญาไท 3 โรงพยาบาลทั่วไปขนาดใหญ่,การดูแลรักษาผู้ป่วยโรคมะเร็งเต้านม,PDSC,2024-07-03,2027-07-02,
กรุงเทพมหานคร,ตำรวจ,การดูแลรักษาผู้ป่วยโรคมะเร็งเต้านม,PDSC,2025-11-25,2028-11-24,
กรุงเทพมหานคร,สถาบันมะเร็งแห่งชาติ,การดูแลรักษาผู้ป่วยโรคมะเร็งเต้านม,re-PDSC 2,2026-04-29,2029-04-28,
กรุงเทพมหานคร,กลาง,การดูแลรักษาผู้ป่วยโรคมะเร็งเต้านม,PDSC,2026-06-29,2029-06-28,
กรุงเทพมหานคร,คณะแพทยศาสตร์โรงพยาบาลรามาธิบดี มหาวิทยาลัยมหิดล,การดูแลรักษาผู้ป่วยโรคมะเร็งไต,PDSC,2024-09-25,2027-09-24,
กรุงเทพมหานคร,คณะแพทยศาสตร์โรงพยาบาลรามาธิบดี มหาวิทยาลัยมหิดล,การดูแลรักษาผู้ป่วยโรคมะเร็งปอด โดยทีมมะเร็งปอดสหสาขา (RAMATHIBODI LUNG CANCER CONSORTIUM),re-PDSC 1,2024-07-02,2027-07-01,
กรุงเทพมหานคร,คณะแพทยศาสตร์วชิรพยาบาล มหาวิทยาลัยนวมินทราธิราช,การดูแลรักษาผู้ป่วยโรคมะเร็งปากมดลูก,re-PDSC 1,2024-08-05,2027-09-09,
กรุงเทพมหานคร,จุฬาภรณ์,การดูแลรักษาผู้ป่วยโรคมะเร็งปากมดลูก,PDSC,2026-02-12,2029-02-11,
กรุงเทพมหานคร,สถาบันมะเร็งแห่งชาติ,การดูแลรักษาผู้ป่วยโรคมะเร็งปากมดลูก,re-PDSC 2,2026-05-25,2029-05-24,
กรุงเทพมหานคร,จุฬาลงกรณ์ สภากาชาดไทย,การดูแลรักษาผู้ป่วยโรคมะเร็งเม็ดเลือดขาวเฉียบพลันชนิดมัยอิลอยด์ในผู้ใหญ่,re-PDSC 2,2026-07-08,2029-07-07,
กรุงเทพมหานคร,คณะแพทยศาสตร์โรงพยาบาลรามาธิบดี มหาวิทยาลัยมหิดล,การดูแลรักษาผู้ป่วยโรคมะเร็งลำไส้ที่ได้รับยาเคมีบำบัดทางหลอดเลือดดำส่วนกลางที่บ้าน,re-PDSC 1e,2023-03-24,2026-03-23,
กรุงเทพมหานคร,พญาไท 1 โรงพยาบาลทั่วไปขนาดใหญ่,การดูแลรักษาผู้ป่วยโรคมะเร็งลำไส้ใหญ่,PDSC e,2017-03-06,2020-03-05,
กรุงเทพมหานคร,เจริญกรุงประชารักษ์,การดูแลรักษาผู้ป่วยโรคมะเร็งลำไส้ใหญ่,PDSC,2026-02-12,2029-02-11,
กรุงเทพมหานคร,คณะแพทยศาสตร์โรงพยาบาลรามาธิบดี มหาวิทยาลัยมหิดล,การดูแลรักษาผู้ป่วยโรคมะเร็งลำไส้ใหญ่และไส้ตรง,PDSC,2024-02-16,2027-02-15,
กรุงเทพมหานคร,คณะแพทยศาสตร์วชิรพยาบาล มหาวิทยาลัยนวมินทราธิราช,การดูแลรักษาผู้ป่วยโรคมะเร็งลำไส้ใหญ่และไส้ตรง,re-PDSC 2,2026-04-29,2029-04-28,
กรุงเทพมหานคร,สถาบันมะเร็งแห่งชาติ,การดูแลรักษาผู้ป่วยโรคมะเร็งลำไส้ใหญ่และไส้ตรง,re-PDSC 2,2026-05-25,2029-05-24,
กรุงเทพมหานคร,สถาบันประสาทวิทยา,การดูแลรักษาผู้ป่วยโรคลมชัก,PDSC,2024-09-25,2027-09-24,
กรุงเทพมหานคร,พระมงกุฎเกล้า,การดูแลรักษาผู้ป่วยโรคลมร้อน,PDSC,2025-11-25,2028-11-24,
กรุงเทพมหานคร,พญาไท 1 โรงพยาบาลทั่วไปขนาดใหญ่,การดูแลรักษาผู้ป่วยโรคหลอดเลือดสมอง,PDSC e,2017-03-06,2020-03-05,
กรุงเทพมหานคร,คณะแพทยศาสตร์โรงพยาบาลรามาธิบดี มหาวิทยาลัยมหิดล,การดูแลรักษาผู้ป่วยโรคหลอดเลือดสมอง,PDSC e,2018-03-05,2021-03-04,
กรุงเทพมหานคร,จุฬาลงกรณ์ สภากาชาดไทย,การดูแลรักษาผู้ป่วยโรคหลอดเลือดสมอง,PDSC e,2018-03-05,2021-03-04,
กรุงเทพมหานคร,พระมงกุฎเกล้า,การดูแลรักษาผู้ป่วยโรคหลอดเลือดสมอง,PDSC e,2018-03-05,2021-03-04,
กรุงเทพมหานคร,สถาบันประสาทวิทยา,การดูแลรักษาผู้ป่วยโรคหลอดเลือดสมอง,PDSC e,2019-02-25,2022-02-24,
กรุงเทพมหานคร,นพรัตนราชธานี,การดูแลรักษาผู้ป่วยโรคหลอดเลือดสมอง,PDSC,2024-02-16,2027-02-15,
กรุงเทพมหานคร,ภูมิพลอดุลยเดช กรมแพทย์ทหารอากาศ,การดูแลรักษาผู้ป่วยโรคหลอดเลือดสมอง,PDSC,2024-11-15,2027-11-14,
กรุงเทพมหานคร,ตากสิน กรุงเทพมหานคร,การดูแลรักษาผู้ป่วยโรคหลอดเลือดสมอง,re-PDSC 1,2025-11-19,2028-11-18,
กรุงเทพมหานคร,คณะแพทยศาสตร์วชิรพยาบาล มหาวิทยาลัยนวมินทราธิราช,การดูแลรักษาผู้ป่วยโรคหลอดเลือดสมองโป่งพอง,re-PDSC 2,2025-03-04,2028-03-03,
กรุงเทพมหานคร,คณะแพทยศาสตร์โรงพยาบาลรามาธิบดี มหาวิทยาลัยมหิดล,การดูแลรักษาผู้ป่วยโรคฮีโมฟีเลีย,PDSC,2026-04-29,2029-04-28,
กรุงเทพมหานคร,ตากสิน กรุงเทพมหานคร,การดูแลรักษาผู้ปวยวัณโรค,PDSC,2025-07-24,2028-07-23,
กรุงเทพมหานคร,กลาง,การดูแลรักษาผู้ป่วยวัณโรค,PDSC,2026-06-29,2029-06-28,
กรุงเทพมหานคร,สถาบันสุขภาพเด็กแห่งชาติมหาราชินี กรมการแพทย์,การดูแลรักษาผู้ป่วยสวนหัวใจในผู้ป่วยโรคหัวใจพิการแต่กำเนิด,PDSC,2024-02-16,2027-02-15,
กรุงเทพมหานคร,พญาไท 1 โรงพยาบาลทั่วไปขนาดใหญ่,การดูแลรักษาผู้ป่วยสูงอายุกระดูกสะโพกหักด้วยการผ่าตัด,PDSC e,2019-09-20,2022-09-19,
กรุงเทพมหานคร,เลิดสิน,การดูแลรักษาภาวะกระดูกสะโพกหักในผู้ป่วยกระดูกพรุนแบบบูรณาการเพื่อป้องกันกระดูกหักซ้ำ ,PDSC e,2019-03-05,2022-03-04,
กรุงเทพมหานคร,พญาไท 3 โรงพยาบาลทั่วไปขนาดใหญ่,การดูแลรักษาภาวะเจ็บครรภ์คลอดก่อนกำหนด,PDSC,2026-02-12,2029-02-11,
กรุงเทพมหานคร,คณะแพทยศาสตร์ศิริราชพยาบาล มหาวิทยาลัยมหิดล,การบำบัดภาวะติดนิโคติน,PDSC,2024-11-08,2027-11-07,
กรุงเทพมหานคร,ตากสิน กรุงเทพมหานคร,การบำบัดภาวะติดนิโคติน,PDSC,2024-11-15,2027-11-14,
กรุงเทพมหานคร,สงฆ์,การบำบัดภาวะติดนิโคติน,PDSC,2025-01-20,2028-01-19,
กรุงเทพมหานคร,คณะแพทยศาสตร์วชิรพยาบาล มหาวิทยาลัยนวมินทราธิราช,การป้องกันและดูแลรักษาสตรีตั้งครรภ์คลอดก่อนกำหนด,re-PDSC 2,2025-03-05,2028-03-04,
กรุงเทพมหานคร,ราชวิถี,การผ่าตัดมะเร็งต่อมลูกหมากด้วยหุ่นยนต์ช่วยผ่าตัด,PDSC,2026-05-25,2029-05-24,
กรุงเทพมหานคร,ราชวิถี,การผ่าตัดโรคหลอดเลือดแดงใหญ่,re-PDSC 1,2025-12-30,2028-12-29,
กรุงเทพมหานคร,คณะแพทยศาสตร์ศิริราชพยาบาล มหาวิทยาลัยมหิดล,การรักษาทารกในครรภ์ในการตั้งครรภ์ที่มีภาวะแทรกซ้อน,PDSC,2026-02-12,2029-02-11,
กรุงเทพมหานคร,คณะแพทยศาสตร์ศิริราชพยาบาล มหาวิทยาลัยมหิดล,การใส่และดูแลสายสวนหลอดเลือดดำส่วนกลางผ่านทางหลอดเลือดดำส่วนปลายแบบบูรณาการ,PDSC,2026-01-26,2029-01-25,
กรุงเทพมหานคร,ราชวิถี,ความบกพร่องทางการได้ยินในทารกแรกเกิด กระบวนการคัดกรอง การรักษาจนถึงการฟื้นฟู ,re-PDSC 1,2024-05-05,2027-05-04,
กรุงเทพมหานคร,กลาง,โปรแกรมการรักษาผู้ป่วยโรคอ้วนทุพพลภาพด้วยการผ่าตัด,PDSC,2024-01-31,2027-01-30,
กรุงเทพมหานคร,ทั่วไปขนาดเล็กคูน,ระบบการดูแลผู้ป่วยด้วยมิติจิตวิญญาณ,PDSC,2026-01-26,2029-01-25,
กรุงเทพมหานคร,เซนต์หลุยส์โรงพยาบาลทั่วไปขนาดใหญ่,ระบบการดูแลผู้ป่วยด้วยมิติจิตวิญญาณ,re-PDSC 2,2026-06-24,2029-06-23,
กรุงเทพมหานคร,จุฬาลงกรณ์ สภากาชาดไทย,ระบบการดูแลผู้ป่วยที่รับการผ่าตัดปลูกถ่ายกระจกตา,PDSC,2024-09-25,2027-09-24,
กรุงเทพมหานคร,จุฬาภรณ์,ระบบการดูแลผู้ป่วยเปลี่ยนลิ้นหัวใจเอออร์ติกผ่านทางสายสวน,PDSC,2026-06-29,2029-06-28,
กรุงเทพมหานคร,เจริญกรุงประชารักษ์,ระบบการดูแลรักษาในคลินิกเบาหวาน (คลินิกเบาหวานครบวงจร),PDSC e,2022-08-19,2025-08-18,
กรุงเทพมหานคร,คณะแพทยศาสตร์ศิริราชพยาบาล มหาวิทยาลัยมหิดล,ระบบการดูแลรักษาในคลินิกเบาหวาน (ศูนย์ความเป็นเลิศโรคเบาหวาน),re-PDSC 1,2024-11-16,2027-11-15,
กรุงเทพมหานคร,ตากสิน กรุงเทพมหานคร,ระบบการดูแลรักษาในคลินิกเบาหวาน (ศูนย์ความเป็นเลิศโรคเบาหวาน),re-PDSC 1,2024-11-16,2027-11-15,
กรุงเทพมหานคร,วิมุต-เทพธารินทร์,ระบบการดูแลรักษาในคลินิกเบาหวาน (ศูนย์ความเป็นเลิศโรคเบาหวาน),re-PDSC 2,2025-03-04,2028-03-03,
กรุงเทพมหานคร,ราชวิถี,ระบบการดูแลรักษาในคลินิกเบาหวาน (ศูนย์ความเป็นเลิศโรคเบาหวาน),re-PDSC 1,2025-07-12,2028-07-11,
กรุงเทพมหานคร,จุฬาลงกรณ์ สภากาชาดไทย,ระบบการดูแลรักษาในคลินิกเบาหวาน (ศูนย์ความเป็นเลิศโรคเบาหวาน),re-PDSC 1,2025-11-25,2028-11-24,
กรุงเทพมหานคร,คณะแพทยศาสตร์วชิรพยาบาล มหาวิทยาลัยนวมินทราธิราช,ระบบการดูแลรักษาในคลินิกเบาหวาน (ศูนย์เบาหวาน),re-PDSC 1,2024-11-16,2027-11-15,
กรุงเทพมหานคร,คณะแพทยศาสตร์โรงพยาบาลรามาธิบดี มหาวิทยาลัยมหิดล,ระบบการดูแลรักษาผู้ป่วยแบบประคับประคอง,re-PDSC 1,2023-08-05,2026-08-04,
กรุงเทพมหานคร,สิรินธร กรุงเทพมหานคร,ระบบการดูแลรักษาผู้ป่วยแบบประคับประคอง,PDSC,2024-01-31,2027-01-30,
กรุงเทพมหานคร,เจริญกรุงประชารักษ์,ระบบการดูแลรักษาผู้ป่วยแบบประคับประคอง,PDSC,2026-04-29,2029-04-28,
กรุงเทพมหานคร,คณะแพทยศาสตร์วชิรพยาบาล มหาวิทยาลัยนวมินทราธิราช,ระบบการดูแลรักษาผู้ป่วยภาวะพิษเหตุติดเชื้อและช็อกเหตุพิษติดเชื้อ,PDSC,2024-11-08,2027-11-07,
กรุงเทพมหานคร,จุฬาภรณ์,ระบบการดูแลรักษาผู้ป่วยมะเร็งแบบประคับประคอง,PDSC,2025-06-04,2028-06-03,
กรุงเทพมหานคร,ตากสิน กรุงเทพมหานคร,ระบบการดูแลรักษาผู้ป่วยโรคกล้ามเนื้อหัวใจขาดเลือดเฉียบพลัน,PDSC,2024-02-16,2027-02-15,
กรุงเทพมหานคร,คณะแพทยศาสตร์โรงพยาบาลรามาธิบดี มหาวิทยาลัยมหิดล,ระบบการป้องกันและดูแลรักษาภาวะลิ่มเลือดอุดตันในหลอดเลือดดำ,re-PDSC 1,2025-05-10,2028-05-09,
กรุงเทพมหานคร,จุฬาภรณ์,ระบบการให้ยาเคมีบำบัดที่บ้าน,PDSC,2026-05-25,2029-05-24,
กรุงเทพมหานคร,จุฬาภรณ์,ระบบบริการสุขภาพเด็กดี ,PDSC,2026-02-12,2029-02-11,
กรุงเทพมหานคร,คณะแพทยศาสตร์วชิรพยาบาล มหาวิทยาลัยนวมินทราธิราช,ระบบรักษาพยาบาลฉุกเฉิน,PDSC,2025-04-30,2028-04-29,
กรุงเทพมหานคร,จุฬาลงกรณ์ สภากาชาดไทย,ศูนย์โรคหลอดเลือดสมองมาตรฐานครบวงจร,PDSC,2024-02-16,2027-02-15,
กรุงเทพมหานคร,คณะแพทยศาสตร์ศิริราชพยาบาล มหาวิทยาลัยมหิดล,ศูนย์โรคหลอดเลือดสมองมาตรฐานครบวงจร,re-PDSC 1,2026-02-06,2029-02-05,
กรุงเทพมหานคร,พระมงกุฎเกล้า,ศูนย์โรคหลอดเลือดสมองมาตรฐานครบวงจร,PDSC,2026-02-12,2029-02-11,
กรุงเทพมหานคร,สถาบันประสาทวิทยา,ศูนย์โรคหลอดเลือดสมองมาตรฐานครบวงจร,re-PDSC 1,2026-02-12,2029-02-11,
